,0,0,0
0,http://dyna-fab.org/default.htm,http://dyna-fab.org/,1
1,http://dyna-fab.org/presses.htm,http://dyna-fab.org/,1
2,http://dyna-fab.org/fabrication.htm,http://dyna-fab.org/,1
3,http://dyna-fab.org/machining.htm,http://dyna-fab.org/,1
4,http://dyna-fab.org/style.css,http://dyna-fab.org/,1
5,http://dyna-fab.org/images/mockup_01.gif,http://dyna-fab.org/,1
6,http://dyna-fab.org/images/mockup_03.gif,http://dyna-fab.org/,1
7,http://dyna-fab.org/images/spacer.gif,http://dyna-fab.org/,1
8,http://dyna-fab.org/images/logo.jpg,http://dyna-fab.org/,1
9,http://dyna-fab.org/images/s2.gif,http://dyna-fab.org/,1
10,http://dyna-fab.org/images/mockup_11.jpg,http://dyna-fab.org/,1
11,http://dyna-fab.org/images/slogan.gif,http://dyna-fab.org/,1
12,http://dyna-fab.org/images/l1-1.gif,http://dyna-fab.org/,1
13,http://dyna-fab.org/images/mockup_15.jpg,http://dyna-fab.org/,1
14,http://dyna-fab.org/images/mockup_16.jpg,http://dyna-fab.org/,1
15,http://dyna-fab.org/images/l2.gif,http://dyna-fab.org/,1
16,http://dyna-fab.org/images/mockup_18.jpg,http://dyna-fab.org/,1
17,http://dyna-fab.org/images/mockup_19.jpg,http://dyna-fab.org/,1
18,http://dyna-fab.org/images/l3.gif,http://dyna-fab.org/,1
19,http://dyna-fab.org/images/mockup_21.jpg,http://dyna-fab.org/,1
20,http://dyna-fab.org/images/mockup_22.jpg,http://dyna-fab.org/,1
21,http://dyna-fab.org/images/l4.gif,http://dyna-fab.org/,1
22,http://dyna-fab.org/images/mockup_24.jpg,http://dyna-fab.org/,1
23,http://dyna-fab.org/images/mockup_25.jpg,http://dyna-fab.org/,1
24,http://dyna-fab.org/images/l5.gif,http://dyna-fab.org/,1
25,http://dyna-fab.org/images/mockup_27.jpg,http://dyna-fab.org/,1
26,http://dyna-fab.org/images/1-t2.gif,http://dyna-fab.org/,1
27,http://dyna-fab.org/images/1-t3.gif,http://dyna-fab.org/,1
28,http://dyna-fab.org/images/1-p1.jpg,http://dyna-fab.org/,1
29,http://dyna-fab.org/images/mockup_39.jpg,http://dyna-fab.org/,1
30,http://dyna-fab.org/images/arrow.gif,http://dyna-fab.org/,1
31,http://dyna-fab.org/images/1-t1.gif,http://dyna-fab.org/,1
32,http://dyna-fab.org/images/01.gif,http://dyna-fab.org/,1
33,http://dyna-fab.org/images/02.gif,http://dyna-fab.org/,1
34,http://dyna-fab.org/images/03.gif,http://dyna-fab.org/,1
35,http://dyna-fab.org/images/bg-bot.gif,http://dyna-fab.org/,1
36,http://dyna-fab.org/images/square.gif,http://dyna-fab.org/,1
